{
  "pm2_5": [
    0.34642921267618276,
    0.3500960039280996,
    0.3537627951800165,
    0.35742958643193334,
    0.3610963776838502,
    0.3647631689357671,
    0.3684299601876839,
    0.37209675143960086,
    0.3757635426915177,
    0.3794303339434346,
    0.38309712519535144,
    0.3867639164472683,
    0.3904307076991852,
    0.3940974989511021,
    0.39776429020301896,
    0.4014310814549358,
    0.4050978727068527,
    0.40876466395876954,
    0.41243145521068647,
    0.4160982464626033,
    0.4197650377145202,
    0.42343182896643705,
    0.4270986202183539,
    0.4307654114702708
  ],
  "pm10": [
    0.19199384820344026,
    0.19399070313443345,
    0.19598755806542667,
    0.1979844129964199,
    0.19998126792741308,
    0.20197812285840627,
    0.2039749777893995,
    0.20597183272039268,
    0.20796868765138588,
    0.2099655425823791,
    0.2119623975133723,
    0.2139592524443655,
    0.2159561073753587,
    0.21795296230635192,
    0.2199498172373451,
    0.22194667216833833,
    0.22394352709933152,
    0.2259403820303247,
    0.22793723696131793,
    0.22993409189231112,
    0.23193094682330434,
    0.23392780175429753,
    0.23592465668529075,
    0.23792151161628394
  ],
  "nitrogen_dioxide": [
    0.4193309317422792,
    0.4211763507609505,
    0.4230217697796218,
    0.4248671887982931,
    0.4267126078169644,
    0.4285580268356357,
    0.430403445854307,
    0.4322488648729783,
    0.4340942838916496,
    0.4359397029103209,
    0.4377851219289922,
    0.4396305409476635,
    0.4414759599663348,
    0.4433213789850061,
    0.4451667980036774,
    0.4470122170223487,
    0.44885763604102,
    0.4507030550596913,
    0.4525484740783626,
    0.4543938930970339,
    0.4562393121157052,
    0.4580847311343765,
    0.4599301501530478,
    0.4617755691717191
  ]
}