{
  "pm2_5": [
    0.2771433701409462,
    0.28007680314247974,
    0.2830102361440132,
    0.2859436691455467,
    0.2888771021470802,
    0.29181053514861366,
    0.2947439681501472,
    0.2976774011516807,
    0.3006108341532142,
    0.3035442671547477,
    0.3064777001562812,
    0.30941113315781466,
    0.3123445661593482,
    0.3152779991608817,
    0.3182114321624152,
    0.3211448651639487,
    0.32407829816548217,
    0.32701173116701565,
    0.32994516416854913,
    0.33287859717008267,
    0.33581203017161615,
    0.3387454631731497,
    0.34167889617468317,
    0.34461232917621665
  ],
  "pm10": [
    0.15359507856275217,
    0.15519256250754676,
    0.15679004645234132,
    0.15838753039713588,
    0.15998501434193044,
    0.161582498286725,
    0.16317998223151958,
    0.1647774661763141,
    0.1663749501211087,
    0.16797243406590326,
    0.16956991801069782,
    0.1711674019554924,
    0.17276488590028694,
    0.17436236984508152,
    0.17595985378987605,
    0.17755733773467064,
    0.1791548216794652,
    0.18075230562425976,
    0.18234978956905434,
    0.18394727351384887,
    0.18554475745864346,
    0.187142241403438,
    0.18873972534823258,
    0.19033720929302714
  ],
  "nitrogen_dioxide": [
    0.3354647453938234,
    0.3369410806087605,
    0.33841741582369755,
    0.33989375103863456,
    0.3413700862535716,
    0.34284642146850863,
    0.3443227566834457,
    0.3457990918983827,
    0.34727542711331977,
    0.3487517623282568,
    0.35022809754319384,
    0.3517044327581309,
    0.3531807679730679,
    0.3546571031880049,
    0.356133438402942,
    0.35760977361787905,
    0.35908610883281605,
    0.3605624440477531,
    0.3620387792626901,
    0.3635151144776272,
    0.36499144969256425,
    0.36646778490750126,
    0.36794412012243827,
    0.36942045533737533
  ]
}