{
  "pm2_5": [
    0.4061749595130396,
    0.4100653831644905,
    0.4139558068159413,
    0.41784623046739217,
    0.42173665411884304,
    0.4256270777702939,
    0.4295175014217447,
    0.4334079250731956,
    0.43729834872464646,
    0.4411887723760973,
    0.4450791960275482,
    0.44896961967899907,
    0.45286004333044994,
    0.4567504669819008,
    0.4606408906333517,
    0.46453131428480254,
    0.4684217379362534,
    0.4723121615877042,
    0.4762025852391551,
    0.48009300889060597,
    0.48398343254205684,
    0.4878738561935077,
    0.4917642798449586,
    0.49565470349640944
  ],
  "pm10": [
    0.364985039893617,
    0.36935942927702997,
    0.3737338186604429,
    0.3781082080438558,
    0.38248259742726876,
    0.3868569868106817,
    0.39123137619409465,
    0.3956057655775076,
    0.39998015496092054,
    0.4043545443443335,
    0.40872893372774644,
    0.4131033231111594,
    0.4174777124945723,
    0.4218521018779852,
    0.42622649126139817,
    0.4306008806448111,
    0.43497527002822406,
    0.439349659411637,
    0.44372404879504995,
    0.4480984381784629,
    0.45247282756187585,
    0.45684721694528874,
    0.4612216063287017,
    0.46559599571211463
  ],
  "nitrogen_dioxide": [
    0.35089954371869264,
    0.34858385029357675,
    0.3462681568684608,
    0.3439524634433449,
    0.341636770018229,
    0.33932107659311306,
    0.3370053831679971,
    0.3346896897428812,
    0.3323739963177653,
    0.33005830289264937,
    0.3277426094675335,
    0.3254269160424176,
    0.32311122261730163,
    0.3207955291921857,
    0.31847983576706984,
    0.3161641423419539,
    0.31384844891683794,
    0.31153275549172205,
    0.30921706206660615,
    0.3069013686414902,
    0.3045856752163743,
    0.3022699817912584,
    0.29995428836614246,
    0.2976385949410265
  ]
}