{
  "pm2_5": [
    0.32493996761043165,
    0.32805230653159234,
    0.33116464545275304,
    0.33427698437391373,
    0.33738932329507443,
    0.3405016622162351,
    0.3436140011373958,
    0.3467263400585565,
    0.3498386789797172,
    0.3529510179008779,
    0.3560633568220386,
    0.3591756957431993,
    0.36228803466436,
    0.3654003735855207,
    0.36851271250668133,
    0.371625051427842,
    0.3747373903490027,
    0.3778497292701634,
    0.3809620681913241,
    0.38407440711248475,
    0.38718674603364545,
    0.39029908495480614,
    0.39341142387596684,
    0.39652376279712753
  ],
  "pm10": [
    0.2919880319148936,
    0.2954875434216239,
    0.29898705492835426,
    0.30248656643508465,
    0.305986077941815,
    0.3094855894485453,
    0.3129851009552757,
    0.31648461246200604,
    0.3199841239687364,
    0.32348363547546677,
    0.3269831469821971,
    0.33048265848892744,
    0.33398216999565783,
    0.33748168150238816,
    0.3409811930091185,
    0.34448070451584883,
    0.3479802160225792,
    0.35147972752930956,
    0.3549792390360399,
    0.3584787505427703,
    0.3619782620495006,
    0.36547777355623096,
    0.36897728506296135,
    0.3724767965696917
  ],
  "nitrogen_dioxide": [
    0.2807196349749541,
    0.27886708023486134,
    0.2770145254947686,
    0.27516197075467586,
    0.27330941601458314,
    0.2714568612744904,
    0.2696043065343977,
    0.26775175179430494,
    0.2658991970542122,
    0.26404664231411945,
    0.26219408757402674,
    0.260341532833934,
    0.2584889780938413,
    0.25663642335374853,
    0.2547838686136558,
    0.25293131387356305,
    0.25107875913347033,
    0.24922620439337761,
    0.24737364965328487,
    0.24552109491319213,
    0.2436685401730994,
    0.24181598543300667,
    0.23996343069291395,
    0.2381108759528212
  ]
}