{
  "pm2_5": [
    0.6849272246521856,
    0.698232699559177,
    0.7115381744661686,
    0.72484364937316,
    0.7381491242801514,
    0.7514545991871431,
    0.7647600740941345,
    0.7780655490011259,
    0.7913710239081175,
    0.8046764988151089,
    0.8179819737221004,
    0.831287448629092,
    0.8445929235360834,
    0.8578983984430748,
    0.8712038733500664,
    0.8845093482570578,
    0.8978148231640493,
    0.9111202980710409,
    0.9244257729780323,
    0.9377312478850237,
    0.9510367227920153,
    0.9643421976990068,
    0.9776476726059982,
    0.9909531475129898
  ],
  "pm10": [
    0.792287310997833,
    0.8107553177982925,
    0.829223324598752,
    0.8476913313992116,
    0.8661593381996712,
    0.8846273450001306,
    0.9030953518005902,
    0.9215633586010497,
    0.9400313654015093,
    0.9584993722019688,
    0.9769673790024285,
    0.9954353858028879,
    1.0,
    1.0,
    1.0,
    1.0,
    1.0,
    1.0,
    1.0,
    1.0,
    1.0,
    1.0,
    1.0,
    1.0
  ],
  "nitrogen_dioxide": [
    0.5342736325143085,
    0.5406222031693027,
    0.546970773824297,
    0.5533193444792912,
    0.5596679151342855,
    0.5660164857892798,
    0.5723650564442739,
    0.5787136270992682,
    0.5850621977542625,
    0.5914107684092567,
    0.5977593390642509,
    0.6041079097192452,
    0.6104564803742394,
    0.6168050510292338,
    0.6231536216842279,
    0.6295021923392222,
    0.6358507629942165,
    0.6421993336492107,
    0.648547904304205,
    0.6548964749591992,
    0.6612450456141934,
    0.6675936162691877,
    0.673942186924182,
    0.6802907575791761
  ]
}