{
  "pm2_5": [
    0.5479417797217485,
    0.5585861596473418,
    0.5692305395729349,
    0.5798749194985282,
    0.5905192994241213,
    0.6011636793497146,
    0.6118080592753077,
    0.622452439200901,
    0.6330968191264941,
    0.6437411990520872,
    0.6543855789776805,
    0.6650299589032735,
    0.6756743388288668,
    0.6863187187544599,
    0.6969630986800532,
    0.7076074786056463,
    0.7182518585312396,
    0.7288962384568327,
    0.739540618382426,
    0.7501849983080191,
    0.7608293782336124,
    0.7714737581592055,
    0.7821181380847988,
    0.7927625180103919
  ],
  "pm10": [
    0.6338298487982662,
    0.6486042542386339,
    0.6633786596790014,
    0.6781530651193691,
    0.6929274705597368,
    0.7077018760001044,
    0.722476281440472,
    0.7372506868808397,
    0.7520250923212073,
    0.766799497761575,
    0.7815739032019425,
    0.7963483086423102,
    0.8111227140826779,
    0.8258971195230455,
    0.8406715249634131,
    0.8554459304037807,
    0.8702203358441484,
    0.884994741284516,
    0.8997691467248836,
    0.9145435521652513,
    0.929317957605619,
    0.9440923630459865,
    0.9588667684863541,
    0.9736411739267219
  ],
  "nitrogen_dioxide": [
    0.42741890601144683,
    0.4324977625354422,
    0.4375766190594376,
    0.442655475583433,
    0.4477343321074284,
    0.4528131886314238,
    0.4578920451554192,
    0.46297090167941457,
    0.46804975820341,
    0.47312861472740536,
    0.4782074712514008,
    0.48328632777539615,
    0.4883651842993916,
    0.49344404082338694,
    0.49852289734738237,
    0.5036017538713777,
    0.5086806103953732,
    0.5137594669193686,
    0.518838323443364,
    0.5239171799673594,
    0.5289960364913547,
    0.5340748930153502,
    0.5391537495393455,
    0.5442326060633409
  ]
}