{
  "pm2_5": [
    0.23518857733314547,
    0.23419433716843086,
    0.23320009700371624,
    0.23220585683900163,
    0.23121161667428702,
    0.2302173765095724,
    0.2292231363448578,
    0.2282288961801432,
    0.22723465601542858,
    0.22624041585071397,
    0.22524617568599936,
    0.22425193552128475,
    0.22325769535657014,
    0.22226345519185553,
    0.22126921502714092,
    0.2202749748624263,
    0.2192807346977117,
    0.2182864945329971,
    0.21729225436828248,
    0.21629801420356787,
    0.21530377403885326,
    0.21430953387413865,
    0.21331529370942404,
    0.21232105354470943
  ],
  "pm10": [
    0.2274928373491146,
    0.22588940042693134,
    0.22428596350474805,
    0.22268252658256477,
    0.2210790896603815,
    0.21947565273819825,
    0.21787221581601496,
    0.2162687788938317,
    0.21466534197164844,
    0.21306190504946515,
    0.21145846812728186,
    0.2098550312050986,
    0.20825159428291534,
    0.20664815736073205,
    0.20504472043854877,
    0.2034412835163655,
    0.20183784659418225,
    0.20023440967199896,
    0.19863097274981567,
    0.1970275358276324,
    0.19542409890544915,
    0.19382066198326586,
    0.19221722506108257,
    0.19061378813889931
  ],
  "nitrogen_dioxide": [
    0.31581882656350735,
    0.3125529283280043,
    0.30928703009250114,
    0.3060211318569981,
    0.302755233621495,
    0.2994893353859919,
    0.29622343715048877,
    0.29295753891498566,
    0.2896916406794826,
    0.28642574244397945,
    0.2831598442084764,
    0.2798939459729733,
    0.2766280477374702,
    0.2733621495019671,
    0.27009625126646397,
    0.2668303530309609,
    0.26356445479545776,
    0.2602985565599547,
    0.2570326583244516,
    0.2537667600889485,
    0.2505008618534454,
    0.24723496361794228,
    0.2439690653824392,
    0.2407031671469361
  ]
}