{
  "pm2_5": [
    0.2939857216664318,
    0.2927429214605385,
    0.29150012125464525,
    0.290257321048752,
    0.2890145208428587,
    0.28777172063696543,
    0.2865289204310722,
    0.28528612022517896,
    0.28404332001928567,
    0.2828005198133924,
    0.28155771960749915,
    0.2803149194016059,
    0.2790721191957126,
    0.27782931898981933,
    0.2765865187839261,
    0.27534371857803286,
    0.27410091837213957,
    0.2728581181662463,
    0.27161531796035304,
    0.2703725177544598,
    0.2691297175485665,
    0.2678869173426732,
    0.26664411713678,
    0.26540131693088675
  ],
  "pm10": [
    0.2843660466863933,
    0.28236175053366425,
    0.2803574543809351,
    0.27835315822820605,
    0.27634886207547693,
    0.27434456592274786,
    0.2723402697700188,
    0.27033597361728967,
    0.2683316774645606,
    0.26632738131183153,
    0.2643230851591024,
    0.2623187890063733,
    0.2603144928536442,
    0.25831019670091515,
    0.256305900548186,
    0.25430160439545696,
    0.2522973082427279,
    0.25029301208999877,
    0.24828871593726967,
    0.2462844197845406,
    0.2442801236318115,
    0.2422758274790824,
    0.24027153132635332,
    0.23826723517362422
  ],
  "nitrogen_dioxide": [
    0.39477353320438424,
    0.3906911604100054,
    0.3866087876156265,
    0.3825264148212476,
    0.37844404202686877,
    0.3743616692324899,
    0.370279296438111,
    0.36619692364373213,
    0.3621145508493533,
    0.3580321780549744,
    0.3539498052605955,
    0.34986743246621665,
    0.3457850596718378,
    0.34170268687745886,
    0.33762031408308,
    0.3335379412887012,
    0.3294555684943223,
    0.3253731956999434,
    0.32129082290556454,
    0.31720845011118565,
    0.3131260773168068,
    0.3090437045224279,
    0.30496133172804907,
    0.30087895893367017
  ]
}